linkID,pollutantID,sourceTypeID,ratePerDistance
1,1,11,15.23490047
1,2,11,158.8800049
1,3,11,4.726580143
1,90,11,5021.27002
1,91,11,69869.20313
1,110,11,0.109682001
1,112,11,0.0124309
1,115,11,0.00302454
1,118,11,0.097251497
1,119,11,0
2,1,11,13.53530025
2,2,11,110.3300018
2,3,11,2.292639971
2,90,11,1330.619995
2,91,11,18515.09961
2,110,11,0.112213999
2,112,11,0.0149623
2,115,11,0.00302454
2,118,11,0.097251497
2,119,11,0
3,1,11,21.73789978
3,2,11,179.673996
3,3,11,3.064160109
3,90,11,4946.680176
3,91,11,68831.39844
3,110,11,0.113652997
3,112,11,0.016401799
3,115,11,0.00302454
3,118,11,0.097251497
3,119,11,0
4,1,11,24.61910057
4,2,11,200.8009949
4,3,11,4.20539999
4,90,11,5095.160156
4,91,11,70897.39844
4,110,11,0.116856001
4,112,11,0.0196047
4,115,11,0.00302454
4,118,11,0.097251497
4,119,11,0
5,1,11,27.46710014
5,2,11,221.4250031
5,3,11,5.555620193
5,90,11,6836.740234
5,91,11,95130.89844
5,110,11,0.117577001
5,112,11,0.0203251
5,115,11,0.00302454
5,118,11,0.097251497
5,119,11,0
6,1,11,30.39240074
6,2,11,242.3710022
6,3,11,7.18667984
6,90,11,8017.680176
6,91,11,111563
6,110,11,0.126975998
6,112,11,0.029725
6,115,11,0.00302454
6,118,11,0.097251497
6,119,11,0
7,1,11,33.75370026
7,2,11,266.1759949
7,3,11,9.384389877
7,90,11,9172.870117
7,91,11,127637
7,110,11,0.141903996
7,112,11,0.044652902
7,115,11,0.00302454
7,118,11,0.097251497
7,119,11,0
8,1,11,40.30329895
8,2,11,311.8599854
8,3,11,14.73379993
8,90,11,10745.2002
8,91,11,149516
8,110,11,0.242446005
8,112,11,0.145193994
8,115,11,0.00302454
8,118,11,0.097251497
8,119,11,0
9,1,11,24.35689926
9,2,11,273.0230103
9,3,11,12.34669971
9,90,11,7433.899902
9,91,11,103440
9,110,11,0.115708001
9,112,11,0.018456001
9,115,11,0.00302454
9,118,11,0.097251497
9,119,11,0
10,1,11,27.99510002
10,2,11,314.5419922
10,3,11,14.28180027
10,90,11,8406.44043
10,91,11,116973
10,110,11,0.111856997
10,112,11,0.0146053
10,115,11,0.00302454
10,118,11,0.097251497
10,119,11,0
11,1,11,30.43149948
11,2,11,342.3970032
11,3,11,15.58430004
11,90,11,9118.320313
11,91,11,126878
11,110,11,0.114826001
11,112,11,0.017574299
11,115,11,0.00302454
11,118,11,0.097251497
11,119,11,0
12,1,11,33.30329895
12,2,11,375.2780151
12,3,11,17.1257
12,90,11,10203.2998
12,91,11,141975
12,110,11,0.120815001
12,112,11,0.0235637
12,115,11,0.00302454
12,118,11,0.097251497
12,119,11,0
13,1,11,36.30670166
13,2,11,409.7179871
13,3,11,18.74419975
13,90,11,10958.5
13,91,11,152483
13,110,11,0.144611999
13,112,11,0.0473601
13,115,11,0.00302454
13,118,11,0.097251497
13,119,11,0
14,1,11,40.97439957
14,2,11,463.3349915
14,3,11,21.27169991
14,90,11,14031.5
14,91,11,195244
14,110,11,0.166766003
14,112,11,0.069514699
14,115,11,0.00302454
14,118,11,0.097251497
14,119,11,0
15,1,11,48.9197998
15,2,11,554.8359985
15,3,11,25.60379982
15,90,11,18194.19922
15,91,11,253166
15,110,11,0.462087989
15,112,11,0.364836007
15,115,11,0.00302454
15,118,11,0.097251497
15,119,11,0
16,1,11,58.47090149
16,2,11,665.15802
16,3,11,30.85409927
16,90,11,25477
16,91,11,354504
16,110,11,1.151630044
16,112,11,1.054380059
16,115,11,0.00302454
16,118,11,0.097251497
16,119,11,0
17,1,11,70.80490112
17,2,11,808.0709839
17,3,11,37.69200134
17,90,11,31800.40039
17,91,11,442491
17,110,11,3.09871006
17,112,11,3.001460075
17,115,11,0.00302454
17,118,11,0.097251497
17,119,11,0
18,1,11,33.64030075
18,2,11,710.6359863
18,3,11,51.14250183
18,90,11,9689.780273
18,91,11,134830
18,110,11,0.135159001
18,112,11,0.037907299
18,115,11,0.00302454
18,118,11,0.097251497
18,119,11,0
19,1,11,38.2417984
19,2,11,791.0130005
19,3,11,53.60580063
19,90,11,11573.90039
19,91,11,161047
19,110,11,0.131187007
19,112,11,0.0339351
19,115,11,0.00302454
19,118,11,0.097251497
19,119,11,0
20,1,11,41.65679932
20,2,11,849.6329956
20,3,11,55.31489944
20,90,11,14803.2002
20,91,11,205981
20,110,11,0.143981993
20,112,11,0.046730898
20,115,11,0.00302454
20,118,11,0.097251497
20,119,11,0
21,1,11,45.36230087
21,2,11,912.3549805
21,3,11,57.07189941
21,90,11,18981.09961
21,91,11,264115
21,110,11,0.177159995
21,112,11,0.079908602
21,115,11,0.00302454
21,118,11,0.097251497
21,119,11,0
22,1,11,49.8655014
22,2,11,987.4619751
22,3,11,59.08869934
22,90,11,24867.30078
22,91,11,346020
22,110,11,0.300366998
22,112,11,0.203115001
22,115,11,0.00302454
22,118,11,0.097251497
22,119,11,0
23,1,11,57.83269882
23,2,11,1117.689941
23,3,11,62.39139938
23,90,11,31433.59961
23,91,11,437388
23,110,11,0.31950599
23,112,11,0.222253993
23,115,11,0.00302454
23,118,11,0.097251497
23,119,11,0
1,1,21,1.226999998
1,2,21,12.91090012
1,3,21,0.774537981
1,90,21,3759.570068
1,91,21,52305.80078
1,110,21,0.045416899
1,112,21,0.00721446
1,115,21,0.00125172
1,118,21,0.038202502
1,119,21,0
2,1,21,0.907700002
2,2,21,11.4769001
2,3,21,1.803189993
2,90,21,3465.429932
2,91,21,48213.60156
2,110,21,0.044170901
2,112,21,0.00596849
2,115,21,0.00125172
2,118,21,0.038202502
2,119,21,0
3,1,21,0.980857015
3,2,21,31.29240036
3,3,21,1.371299982
3,90,21,5347.5
3,91,21,74397.70313
3,110,21,0.044563401
3,112,21,0.00636099
3,115,21,0.00125172
3,118,21,0.038202502
3,119,21,0
4,1,21,1.21231997
4,2,21,51.71609879
4,3,21,2.725749969
4,90,21,7203.220215
4,91,21,100215
4,110,21,0.045657001
4,112,21,0.00745451
4,115,21,0.00125172
4,118,21,0.038202502
4,119,21,0
5,1,21,1.648630023
5,2,21,62.36299896
5,3,21,5.691209793
5,90,21,9979.719727
5,91,21,138843
5,110,21,0.0498458
5,112,21,0.0116433
5,115,21,0.00125172
5,118,21,0.038202502
5,119,21,0
6,1,21,2.103770018
6,2,21,89.81430054
6,3,21,9.981570244
6,90,21,12615.09961
6,91,21,175509
6,110,21,0.0514009
6,112,21,0.0131984
6,115,21,0.00125172
6,118,21,0.038202502
6,119,21,0
7,1,21,2.558459997
7,2,21,115.3430023
7,3,21,14.89620018
7,90,21,15096
7,91,21,210025
7,110,21,0.054427002
7,112,21,0.0162246
7,115,21,0.00125172
7,118,21,0.038202502
7,119,21,0
8,1,21,3.233409882
8,2,21,163.4600067
8,3,21,22.36700058
8,90,21,18296.40039
8,91,21,254550
8,110,21,0.085449502
8,112,21,0.047247101
8,115,21,0.00125172
8,118,21,0.038202502
8,119,21,0
9,1,21,1.41249001
9,2,21,47.78219986
9,3,21,3.325259924
9,90,21,7122.259766
9,91,21,99088.60156
9,110,21,0.049880698
9,112,21,0.0116783
9,115,21,0.00125172
9,118,21,0.038202502
9,119,21,0
10,1,21,1.343989968
10,2,21,57.03979874
10,3,21,4.022699833
10,90,21,8068.080078
10,91,21,112247
10,110,21,0.051524401
10,112,21,0.013322
10,115,21,0.00125172
10,118,21,0.038202502
10,119,21,0
11,1,21,1.585710049
11,2,21,73.73459625
11,3,21,6.147250175
11,90,21,9847.660156
11,91,21,137006
11,110,21,0.051199201
11,112,21,0.0129968
11,115,21,0.00125172
11,118,21,0.038202502
11,119,21,0
12,1,21,2.156869888
12,2,21,108.3880005
12,3,21,10.49289989
12,90,21,12610.5
12,91,21,175445
12,110,21,0.053089
12,112,21,0.0148866
12,115,21,0.00125172
12,118,21,0.038202502
12,119,21,0
13,1,21,2.405600071
13,2,21,121.9909973
13,3,21,14.79899979
13,90,21,16619.80078
13,91,21,231223
13,110,21,0.0563065
13,112,21,0.018104
13,115,21,0.00125172
13,118,21,0.038202502
13,119,21,0
14,1,21,3.597249985
14,2,21,194.2940063
14,3,21,24.14710045
14,90,21,21686.40039
14,91,21,301713
14,110,21,0.069625601
14,112,21,0.0314232
14,115,21,0.00125172
14,118,21,0.038202502
14,119,21,0
15,1,21,6.9604702
15,2,21,355.1470032
15,3,21,37.31579971
15,90,21,29225.30078
15,91,21,406600
15,110,21,0.164066002
15,112,21,0.125863999
15,115,21,0.00125172
15,118,21,0.038202502
15,119,21,0
16,1,21,11.49549961
16,2,21,724.6959839
16,3,21,53.89920044
16,90,21,40024.60156
16,91,21,556845
16,110,21,0.474465013
16,112,21,0.436262012
16,115,21,0.00125172
16,118,21,0.038202502
16,119,21,0
17,1,21,19.45490074
17,2,21,2251.310059
17,3,21,71.27420044
17,90,21,50189
17,91,21,698257
17,110,21,1.074339986
17,112,21,1.036139965
17,115,21,0.00125172
17,118,21,0.038202502
17,119,21,0
18,1,21,1.428969979
18,2,21,39.89780045
18,3,21,4.640039921
18,90,21,10097
18,91,21,140475
18,110,21,0.066110097
18,112,21,0.027907601
18,115,21,0.00125172
18,118,21,0.038202502
18,119,21,0
19,1,21,1.992089987
19,2,21,72.20149994
19,3,21,13.57509995
19,90,21,15935.59961
19,91,21,221705
19,110,21,0.068972602
19,112,21,0.030770101
19,115,21,0.00125172
19,118,21,0.038202502
19,119,21,0
20,1,21,2.439340115
20,2,21,100.3479996
20,3,21,19.77589989
20,90,21,20631.09961
20,91,21,287031
20,110,21,0.069350503
20,112,21,0.031148
20,115,21,0.00125172
20,118,21,0.038202502
20,119,21,0
21,1,21,5.295509815
21,2,21,308.95401
21,3,21,30.81240082
21,90,21,26884.59961
21,91,21,374033
21,110,21,0.097555697
21,112,21,0.059353299
21,115,21,0.00125172
21,118,21,0.038202502
21,119,21,0
22,1,21,7.630219936
22,2,21,389.2520142
22,3,21,44.11380005
22,90,21,35787.19922
22,91,21,497891
22,110,21,0.175319999
22,112,21,0.137116998
22,115,21,0.00125172
22,118,21,0.038202502
22,119,21,0
23,1,21,10.34720039
23,2,21,1065.949951
23,3,21,55.53139877
23,90,21,45580.10156
23,91,21,634136
23,110,21,0.196131006
23,112,21,0.157928005
23,115,21,0.00125172
23,118,21,0.038202502
23,119,21,0
1,1,31,2.322639942
1,2,31,21.33709908
1,3,31,1.616850019
1,90,31,5793.990234
1,91,31,80576.89844
1,110,31,0.057904299
1,112,31,0.0132288
1,115,31,0.0023652
1,118,31,0.0446756
1,119,31,0
2,1,31,1.201310039
2,2,31,18.1942997
2,3,31,2.96446991
2,90,31,4544.569824
2,91,31,63200.19922
2,110,31,0.0598015
2,112,31,0.0151259
2,115,31,0.0023652
2,118,31,0.0446756
2,119,31,0
3,1,31,1.786579967
3,2,31,49.30149841
3,3,31,2.438970089
3,90,31,7138.859863
3,91,31,99283.5
3,110,31,0.059086502
3,112,31,0.0144109
3,115,31,0.0023652
3,118,31,0.0446756
3,119,31,0
4,1,31,1.958600044
4,2,31,77.39559937
4,3,31,4.764239788
4,90,31,8805.370117
4,91,31,122458
4,110,31,0.058925301
4,112,31,0.0142498
4,115,31,0.0023652
4,118,31,0.0446756
4,119,31,0
5,1,31,2.795629978
5,2,31,96.584198
5,3,31,9.595479965
5,90,31,12588.90039
5,91,31,175066
5,110,31,0.079648197
5,112,31,0.034972701
5,115,31,0.0023652
5,118,31,0.0446756
5,119,31,0
6,1,31,3.431960106
6,2,31,135.2460022
6,3,31,16.1310997
6,90,31,15982.40039
6,91,31,222249
6,110,31,0.103069998
6,112,31,0.058394201
6,115,31,0.0023652
6,118,31,0.0446756
6,119,31,0
7,1,31,4.155779839
7,2,31,177.2220001
7,3,31,23.88559914
7,90,31,19288.30078
7,91,31,268214
7,110,31,0.123418003
7,112,31,0.078742102
7,115,31,0.0023652
7,118,31,0.0446756
7,119,31,0
8,1,31,5.554510117
8,2,31,252.6679993
8,3,31,36.98519897
8,90,31,24089.40039
8,91,31,334963
8,110,31,0.204925001
8,112,31,0.160249993
8,115,31,0.0023652
8,118,31,0.0446756
8,119,31,0
9,1,31,2.383630037
9,2,31,72.3789978
9,3,31,5.374060154
9,90,31,9387.860352
9,91,31,130563
9,110,31,0.057423498
9,112,31,0.012748
9,115,31,0.0023652
9,118,31,0.0446756
9,119,31,0
10,1,31,2.332950115
10,2,31,88.45580292
10,3,31,7.576429844
10,90,31,10059.09961
10,91,31,139892
10,110,31,0.060649302
10,112,31,0.015973801
10,115,31,0.0023652
10,118,31,0.0446756
10,119,31,0
11,1,31,2.702270031
11,2,31,111.7779999
11,3,31,11.02350044
11,90,31,12443.7002
11,91,31,173043
11,110,31,0.068221197
11,112,31,0.0235456
11,115,31,0.0023652
11,118,31,0.0446756
11,119,31,0
12,1,31,3.558779955
12,2,31,151.7059937
12,3,31,17.97179985
12,90,31,16082.7998
12,91,31,223642
12,110,31,0.081939802
12,112,31,0.037264202
12,115,31,0.0023652
12,118,31,0.0446756
12,119,31,0
13,1,31,3.901190042
13,2,31,179.7339935
13,3,31,25.35759926
13,90,31,20561.5
13,91,31,285921
13,110,31,0.097095199
13,112,31,0.0524197
13,115,31,0.0023652
13,118,31,0.0446756
13,119,31,0
14,1,31,5.31746006
14,2,31,256.1229858
14,3,31,37.72539902
14,90,31,28008.40039
14,91,31,389473
14,110,31,0.121679001
14,112,31,0.0770033
14,115,31,0.0023652
14,118,31,0.0446756
14,119,31,0
15,1,31,9.877180099
15,2,31,447.571991
15,3,31,59.57310104
15,90,31,37404
15,91,31,520131
15,110,31,0.283486992
15,112,31,0.238812
15,115,31,0.0023652
15,118,31,0.0446756
15,119,31,0
16,1,31,16.24209976
16,2,31,996.9359741
16,3,31,88.31880188
16,90,31,51207.10156
16,91,31,712084
16,110,31,0.541040003
16,112,31,0.496363997
16,115,31,0.0023652
16,118,31,0.0446756
16,119,31,0
17,1,31,24.93670082
17,2,31,3257.590088
17,3,31,113.8239975
17,90,31,60298.69922
17,91,31,838551
17,110,31,1.484429955
17,112,31,1.43975997
17,115,31,0.0023652
17,118,31,0.0446756
17,119,31,0
18,1,31,2.642019987
18,2,31,73.38580322
18,3,31,9.629590034
18,90,31,13496
18,91,31,187680
18,110,31,0.079743303
18,112,31,0.0350678
18,115,31,0.0023652
18,118,31,0.0446756
18,119,31,0
19,1,31,3.417259932
19,2,31,124.3700027
19,3,31,24.82169914
19,90,31,20419.80078
19,91,31,283967
19,110,31,0.128244996
19,112,31,0.083569497
19,115,31,0.0023652
19,118,31,0.0446756
19,119,31,0
20,1,31,4.185520172
20,2,31,168.4060059
20,3,31,34.19340134
20,90,31,26872.19922
20,91,31,373685
20,110,31,0.146805003
20,112,31,0.102130003
20,115,31,0.0023652
20,118,31,0.0446756
20,119,31,0
21,1,31,6.795949936
21,2,31,381.0639954
21,3,31,53.2757988
21,90,31,34845.39844
21,91,31,484575
21,110,31,0.174034998
21,112,31,0.129360005
21,115,31,0.0023652
21,118,31,0.0446756
21,119,31,0
22,1,31,14.51039982
22,2,31,556.3549805
22,3,31,75.48960114
22,90,31,45602.80078
22,91,31,634193
22,110,31,0.262704998
22,112,31,0.218030006
22,115,31,0.0023652
22,118,31,0.0446756
22,119,31,0
23,1,31,19.72660065
23,2,31,1510.650024
23,3,31,99.50520325
23,90,31,60218.39844
23,91,31,837458
23,110,31,0.314013988
23,112,31,0.269338995
23,115,31,0.0023652
23,118,31,0.0446756
23,119,31,0
1,1,32,2.422060013
1,2,32,22.64380074
1,3,32,2.818099976
1,90,32,5905.299805
1,91,32,82035.20313
1,110,32,0.131439
1,112,32,0.037644699
1,115,32,0.00487319
1,118,32,0.093794502
1,119,32,0
2,1,32,1.303449988
2,2,32,15.62650013
2,3,32,5.305339813
2,90,32,4625.459961
2,91,32,64252.69922
2,110,32,0.142267004
2,112,32,0.048472799
2,115,32,0.00487319
2,118,32,0.093794502
2,119,32,0
3,1,32,2.214459896
3,2,32,53.24990082
3,3,32,3.486180067
3,90,32,7258.700195
3,91,32,100846
3,110,32,0.136002004
3,112,32,0.042208001
3,115,32,0.00487319
3,118,32,0.093794502
3,119,32,0
4,1,32,2.245870113
4,2,32,74.9641037
4,3,32,6.073810101
4,90,32,8963.410156
4,91,32,124523
4,110,32,0.133597001
4,112,32,0.039802201
4,115,32,0.00487319
4,118,32,0.093794502
4,119,32,0
5,1,32,3.464580059
5,2,32,98.46649933
5,3,32,11.09130001
5,90,32,12847.09961
5,91,32,178448
5,110,32,0.207822993
5,112,32,0.114028998
5,115,32,0.00487319
5,118,32,0.093794502
5,119,32,0
6,1,32,4.098999977
6,2,32,137.2510071
6,3,32,17.19140053
6,90,32,16342.7002
6,91,32,226977
6,110,32,0.297717005
6,112,32,0.203923002
6,115,32,0.00487319
6,118,32,0.093794502
6,119,32,0
7,1,32,4.940269947
7,2,32,184.6089935
7,3,32,23.8348999
7,90,32,19752.69922
7,91,32,274317
7,110,32,0.348452002
7,112,32,0.254657
7,115,32,0.00487319
7,118,32,0.093794502
7,119,32,0
8,1,32,6.929609776
8,2,32,273.3120117
8,3,32,38.89089966
8,90,32,24714.40039
8,91,32,343187
8,110,32,0.547833979
8,112,32,0.454039007
8,115,32,0.00487319
8,118,32,0.093794502
8,119,32,0
9,1,32,2.703850031
9,2,32,75.08840179
9,3,32,5.766749859
9,90,32,9555.429688
9,91,32,132762
9,110,32,0.118887998
9,112,32,0.025093401
9,115,32,0.00487319
9,118,32,0.093794502
9,119,32,0
10,1,32,2.784250021
10,2,32,90.70510101
10,3,32,9.674349785
10,90,32,10242
10,91,32,142282
10,110,32,0.135000005
10,112,32,0.041205399
10,115,32,0.00487319
10,118,32,0.093794502
10,119,32,0
11,1,32,3.248929977
11,2,32,112.7190018
11,3,32,12.81980038
11,90,32,12718.59961
11,91,32,176652
11,110,32,0.162334993
11,112,32,0.068540901
11,115,32,0.00487319
11,118,32,0.093794502
11,119,32,0
12,1,32,4.065239906
12,2,32,150.6909943
12,3,32,19.00119972
12,90,32,16476
12,91,32,228818
12,110,32,0.215627998
12,112,32,0.121832997
12,115,32,0.00487319
12,118,32,0.093794502
12,119,32,0
13,1,32,4.246500015
13,2,32,182.4669952
13,3,32,25.40850067
13,90,32,21068.5
13,91,32,292602
13,110,32,0.259620011
13,112,32,0.165825993
13,115,32,0.00487319
13,118,32,0.093794502
13,119,32,0
14,1,32,5.373799801
14,2,32,254.4609985
14,3,32,35.56740189
14,90,32,28737.5
14,91,32,399100
14,110,32,0.31288299
14,112,32,0.219089001
14,115,32,0.00487319
14,118,32,0.093794502
14,119,32,0
15,1,32,9.961420059
15,2,32,447.8469849
15,3,32,56.10720062
15,90,32,38321.80078
15,91,32,532227
15,110,32,0.519652009
15,112,32,0.425857991
15,115,32,0.00487319
15,118,32,0.093794502
15,119,32,0
16,1,32,16.07379913
16,2,32,957.3619995
16,3,32,82.8219986
16,90,32,52404.10156
16,91,32,727837
16,110,32,0.776772022
16,112,32,0.682977021
16,115,32,0.00487319
16,118,32,0.093794502
16,119,32,0
17,1,32,24.26639938
17,2,32,3047.560059
17,3,32,109.5029984
17,90,32,61449.69922
17,91,32,853577
17,110,32,1.828549981
17,112,32,1.734760046
17,115,32,0.00487319
17,118,32,0.093794502
17,119,32,0
18,1,32,2.955440044
18,2,32,86.63189697
18,3,32,11.98330021
18,90,32,13799.40039
18,91,32,191676
18,110,32,0.155572996
18,112,32,0.061778702
18,115,32,0.00487319
18,118,32,0.093794502
18,119,32,0
19,1,32,3.515180111
19,2,32,130.4920044
19,3,32,25.59910011
19,90,32,20864.19922
19,91,32,289807
19,110,32,0.330163002
19,112,32,0.236368001
19,115,32,0.00487319
19,118,32,0.093794502
19,119,32,0
20,1,32,4.224490166
20,2,32,172.7700043
20,3,32,33.91569901
20,90,32,27539.19922
20,91,32,382490
20,110,32,0.388379991
20,112,32,0.29458499
20,115,32,0.00487319
20,118,32,0.093794502
20,119,32,0
21,1,32,6.671500206
21,2,32,378.9429932
21,3,32,51.83499908
21,90,32,35622.60156
21,91,32,494803
21,110,32,0.420926988
21,112,32,0.327131987
21,115,32,0.00487319
21,118,32,0.093794502
21,119,32,0
22,1,32,12.84560013
22,2,32,510.6679993
22,3,32,71.83350372
22,90,32,46484.69922
22,91,32,645738
22,110,32,0.510794997
22,112,32,0.416999996
22,115,32,0.00487319
22,118,32,0.093794502
22,119,32,0
23,1,32,17.50790024
23,2,32,1352.810059
23,3,32,95.60299683
23,90,32,61365.69922
23,91,32,852478
23,110,32,0.65349102
23,112,32,0.559696972
23,115,32,0.00487319
23,118,32,0.093794502
23,119,32,0
1,1,41,13.13860035
1,2,41,33.11869812
1,3,41,88.64710236
1,90,41,17307.80078
1,91,41,234965
1,110,41,4.832049847
1,112,41,0.877941012
1,115,41,0.134558007
1,118,41,3.954109907
1,119,41,0
2,1,41,9.809650421
2,2,41,22.54520035
2,3,41,73.77300262
2,90,41,8572.830078
2,91,41,116382
2,110,41,5.014689922
2,112,41,1.060580015
2,115,41,0.134558007
2,118,41,3.954109907
2,119,41,0
3,1,41,18.35960007
3,2,41,61.19869995
3,3,41,68.83899689
3,90,41,11357.2002
3,91,41,154182
3,110,41,5.491509914
3,112,41,1.537400007
3,115,41,0.134558007
3,118,41,3.954109907
3,119,41,0
4,1,41,18.6114006
4,2,41,65.90619659
4,3,41,237.8910065
4,90,41,32540
4,91,41,441752
4,110,41,6.772729874
4,112,41,2.818619967
4,115,41,0.134558007
4,118,41,3.954109907
4,119,41,0
5,1,41,25.12319946
5,2,41,125.9899979
5,3,41,384.6839905
5,90,41,58576.19922
5,91,41,795212
5,110,41,20.00259972
5,112,41,16.04850006
5,115,41,0.134558007
5,118,41,3.954109907
5,119,41,0
6,1,41,27.42539978
6,2,41,154.7949982
6,3,41,510.526001
6,90,41,84998.10156
6,91,41,1153910
6,110,41,28.21899986
6,112,41,24.26490021
6,115,41,0.134558007
6,118,41,3.954109907
6,119,41,0
7,1,41,27.55489922
7,2,41,193.397995
7,3,41,612.9680176
7,90,41,107150
7,91,41,1454630
7,110,41,39.87459946
7,112,41,35.92050171
7,115,41,0.134558007
7,118,41,3.954109907
7,119,41,0
8,1,41,25.14080048
8,2,41,242.3130035
8,3,41,852.757019
8,90,41,146360
8,91,41,1986940
8,110,41,41.28499985
8,112,41,37.33089828
8,115,41,0.134558007
8,118,41,3.954109907
8,119,41,0
9,1,41,19.24290085
9,2,41,66.55400085
9,3,41,49.60800171
9,90,41,9113.349609
9,91,41,123720
9,110,41,5.574530125
9,112,41,1.620419979
9,115,41,0.134558007
9,118,41,3.954109907
9,119,41,0
10,1,41,23.28689957
10,2,41,101.612999
10,3,41,288.6180115
10,90,41,41492.60156
10,91,41,563290
10,110,41,8.493020058
10,112,41,4.538909912
10,115,41,0.134558007
10,118,41,3.954109907
10,119,41,0
11,1,41,23.21899986
11,2,41,118.560997
11,3,41,459.3500061
11,90,41,68160.39844
11,91,41,925324
11,110,41,17.03140068
11,112,41,13.07730007
11,115,41,0.134558007
11,118,41,3.954109907
11,119,41,0
12,1,41,24.6807003
12,2,41,154.1829987
12,3,41,663.9459839
12,90,41,98135.89844
12,91,41,1332260
12,110,41,30.73019981
12,112,41,26.77610016
12,115,41,0.134558007
12,118,41,3.954109907
12,119,41,0
13,1,41,25.64900017
13,2,41,180.9750061
13,3,41,818.3029785
13,90,41,125868
13,91,41,1708750
13,110,41,42.81439972
13,112,41,38.86029816
13,115,41,0.134558007
13,118,41,3.954109907
13,119,41,0
14,1,41,27.20870018
14,2,41,219.7100067
14,3,41,1132.609985
14,90,41,172442
14,91,41,2341020
14,110,41,57.28110123
14,112,41,53.32699966
14,115,41,0.134558007
14,118,41,3.954109907
14,119,41,0
15,1,41,25.2371006
15,2,41,237.5970001
15,3,41,1463.890015
15,90,41,241420
15,91,41,3277440
15,110,41,84.29499817
15,112,41,80.34089661
15,115,41,0.134558007
15,118,41,3.954109907
15,119,41,0
16,1,41,32.4477005
16,2,41,305.4819946
16,3,41,1837.079956
16,90,41,310396
16,91,41,4213840
16,110,41,126.6350021
16,112,41,122.6809998
16,115,41,0.134558007
16,118,41,3.954109907
16,119,41,0
17,1,41,39.65829849
17,2,41,373.3680115
17,3,41,2245.320068
17,90,41,379373
17,91,41,5150250
17,110,41,156.6210022
17,112,41,152.6670074
17,115,41,0.134558007
17,118,41,3.954109907
17,119,41,0
18,1,41,27.66530037
18,2,41,114.8150024
18,3,41,197.1920013
18,90,41,36733.69922
18,91,41,498685
18,110,41,10.54850006
18,112,41,6.594399929
18,115,41,0.134558007
18,118,41,3.954109907
18,119,41,0
19,1,41,27.31719971
19,2,41,146.0059967
19,3,41,834.8150024
19,90,41,110884
19,91,41,1505320
19,110,41,23.56979942
19,112,41,19.61569977
19,115,41,0.134558007
19,118,41,3.954109907
19,119,41,0
20,1,41,29.1875
20,2,41,212.7660065
20,3,41,1219.089966
20,90,41,172702
20,91,41,2344540
20,110,41,34.1310997
20,112,41,30.17700005
20,115,41,0.134558007
20,118,41,3.954109907
20,119,41,0
21,1,41,34.20009995
21,2,41,179.496994
21,3,41,1596.849976
21,90,41,241783
21,91,41,3282360
21,110,41,48.14410019
21,112,41,44.18999863
21,115,41,0.134558007
21,118,41,3.954109907
21,119,41,0
22,1,41,43.97169876
22,2,41,230.7830048
22,3,41,2013.060059
22,90,41,310862
22,91,41,4220170
22,110,41,70.01180267
22,112,41,66.05770111
22,115,41,0.134558007
22,118,41,3.954109907
22,119,41,0
23,1,41,53.74309921
23,2,41,282.0679932
23,3,41,2460.409912
23,90,41,379943
23,91,41,5157980
23,110,41,85.29910278
23,112,41,81.34500122
23,115,41,0.134558007
23,118,41,3.954109907
23,119,41,0
1,1,42,26.08849907
1,2,42,52.58319855
1,3,42,63.62120056
1,90,42,16240
1,91,42,224395
1,110,42,4.631549835
1,112,42,0.750532985
1,115,42,0.118883997
1,118,42,3.881010056
1,119,42,0
2,1,42,17.58799934
2,2,42,31.03730011
2,3,42,134.2579956
2,90,42,8432.299805
2,91,42,117598
2,110,42,4.701849937
2,112,42,0.820831001
2,115,42,0.118883997
2,118,42,3.881010056
2,119,42,0
3,1,42,32.98880005
3,2,42,94.40309906
3,3,42,91.77469635
3,90,42,11174.40039
3,91,42,155845
3,110,42,5.148049831
3,112,42,1.267040014
3,115,42,0.118883997
3,118,42,3.881010056
3,119,42,0
4,1,42,45.72370148
4,2,42,109.711998
4,3,42,271.8359985
4,90,42,31297.40039
4,91,42,434570
4,110,42,6.700880051
4,112,42,2.819869995
4,115,42,0.118883997
4,118,42,3.881010056
4,119,42,0
5,1,42,105.1409988
5,2,42,240.0509949
5,3,42,424.1220093
5,90,42,59700
5,91,42,838078
5,110,42,21.90620041
5,112,42,18.02519989
5,115,42,0.118883997
5,118,42,3.881010056
5,119,42,0
6,1,42,161.8690033
6,2,42,335.1289978
6,3,42,581.6550293
6,90,42,88506.89844
6,91,42,1247290
6,110,42,29.95030022
6,112,42,26.06920052
6,115,42,0.118883997
6,118,42,3.881010056
6,119,42,0
7,1,42,215.3280029
7,2,42,443.071991
7,3,42,698.7709961
7,90,42,113608
7,91,42,1606150
7,110,42,41.74499893
7,112,42,37.86399841
7,115,42,0.118883997
7,118,42,3.881010056
7,119,42,0
8,1,42,295.7650146
8,2,42,603.1079712
8,3,42,814.2919922
8,90,42,156293
8,91,42,2212320
8,110,42,41.82040024
8,112,42,37.93939972
8,115,42,0.118883997
8,118,42,3.881010056
8,119,42,0
9,1,42,36.84909821
9,2,42,99.92649841
9,3,42,88.20670319
9,90,42,9677.44043
9,91,42,136859
9,110,42,5.659629822
9,112,42,1.778620005
9,115,42,0.118883997
9,118,42,3.881010056
9,119,42,0
10,1,42,45.75189972
10,2,42,146.1150055
10,3,42,336.4259949
10,90,42,39581.10156
10,91,42,548693
10,110,42,9.147589684
10,112,42,5.266570091
10,115,42,0.118883997
10,118,42,3.881010056
10,119,42,0
11,1,42,77.82800293
11,2,42,248.3659973
11,3,42,525.9279785
11,90,42,68615.70313
11,91,42,961045
11,110,42,19.13080025
11,112,42,15.24979973
11,115,42,0.118883997
11,118,42,3.881010056
11,119,42,0
12,1,42,95.14710236
12,2,42,334.8699951
12,3,42,709.2999878
12,90,42,96250.5
12,91,42,1341480
12,110,42,33.93460083
12,112,42,30.05360031
12,115,42,0.118883997
12,118,42,3.881010056
12,119,42,0
13,1,42,123.7139969
13,2,42,427.1499939
13,3,42,812.6119995
13,90,42,124758
13,91,42,1742290
13,110,42,49.33280182
13,112,42,45.4518013
13,115,42,0.118883997
13,118,42,3.881010056
13,119,42,0
14,1,42,167.5919952
14,2,42,589.1270142
14,3,42,1268.47998
14,90,42,171676
14,91,42,2399480
14,110,42,67.88469696
14,112,42,64.00370026
14,115,42,0.118883997
14,118,42,3.881010056
14,119,42,0
15,1,42,225.3159943
15,2,42,744.6069946
15,3,42,1775.880005
15,90,42,240347
15,91,42,3359280
15,110,42,105.8740005
15,112,42,101.9929962
15,115,42,0.118883997
15,118,42,3.881010056
15,119,42,0
16,1,42,289.6929932
16,2,42,957.3519897
16,3,42,2283.27002
16,90,42,309017
16,91,42,4319070
16,110,42,167.701004
16,112,42,163.8200073
16,115,42,0.118883997
16,118,42,3.881010056
16,119,42,0
17,1,42,354.0690002
17,2,42,1170.099976
17,3,42,2790.659912
17,90,42,377688
17,91,42,5278860
17,110,42,213.2489929
17,112,42,209.3679962
17,115,42,0.118883997
17,118,42,3.881010056
17,119,42,0
18,1,42,48.90869904
18,2,42,187.7019958
18,3,42,304.6130066
18,90,42,37744.19922
18,91,42,530648
18,110,42,10.39700031
18,112,42,6.515999794
18,115,42,0.118883997
18,118,42,3.881010056
18,119,42,0
19,1,42,74.87319946
19,2,42,312.7919922
19,3,42,743.973999
19,90,42,107996
19,91,42,1503150
19,110,42,23.81459999
19,112,42,19.93359947
19,115,42,0.118883997
19,118,42,3.881010056
19,119,42,0
20,1,42,108.3290024
20,2,42,525.6409912
20,3,42,1340.869995
20,90,42,169440
20,91,42,2361670
20,110,42,37.18230057
20,112,42,33.30130005
20,115,42,0.118883997
20,118,42,3.881010056
20,119,42,0
21,1,42,153.7250061
21,2,42,541.6970215
21,3,42,1877.219971
21,90,42,237216
21,91,42,3306340
21,110,42,56.12319946
21,112,42,52.24219894
21,115,42,0.118883997
21,118,42,3.881010056
21,119,42,0
22,1,42,197.6470032
22,2,42,696.4680176
22,3,42,2413.570068
22,90,42,304991
22,91,42,4250990
22,110,42,86.62190247
22,112,42,82.74089813
22,115,42,0.118883997
22,118,42,3.881010056
22,119,42,0
23,1,42,241.5679932
23,2,42,851.2369995
23,3,42,2949.919922
23,90,42,372767
23,91,42,5195660
23,110,42,108.3349991
23,112,42,104.4540024
23,115,42,0.118883997
23,118,42,3.881010056
23,119,42,0
1,1,43,21.28879929
1,2,43,39.16220093
1,3,43,81.53119659
1,90,43,16954.19922
1,91,43,230303
1,110,43,4.761809826
1,112,43,1.02512002
1,115,43,0.116681002
1,118,43,3.736690044
1,119,43,0
2,1,43,12.59259987
2,2,43,25.03050041
2,3,43,59.75479889
2,90,43,8519.879883
2,91,43,115773
2,110,43,5.135099888
2,112,43,1.398409963
2,115,43,0.116681002
2,118,43,3.736690044
2,119,43,0
3,1,43,26.34530067
3,2,43,62.40840149
3,3,43,54.01520157
3,90,43,11288
3,91,43,153389
3,110,43,5.620779991
3,112,43,1.884089947
3,115,43,0.116681002
3,118,43,3.736690044
3,119,43,0
4,1,43,26.00569916
4,2,43,83.6242981
4,3,43,209.4149933
4,90,43,32114.5
4,91,43,436319
4,110,43,6.280970097
4,112,43,2.544280052
4,115,43,0.116681002
4,118,43,3.736690044
4,119,43,0
5,1,43,43.60620117
5,2,43,270.8980103
5,3,43,355.0979919
5,90,43,58875.39844
5,91,43,800254
5,110,43,14.69499969
5,112,43,10.95839977
5,115,43,0.116681002
5,118,43,3.736690044
5,119,43,0
6,1,43,52.06700134
6,2,43,385.3789978
6,3,43,485.07901
6,90,43,86030.70313
6,91,43,1169550
6,110,43,22.63229942
6,112,43,18.89559937
6,115,43,0.116681002
6,118,43,3.736690044
6,119,43,0
7,1,43,59.94760132
7,2,43,512.8530273
7,3,43,583.1400146
7,90,43,109101
7,91,43,1483380
7,110,43,32.73889923
7,112,43,29.00219917
7,115,43,0.116681002
7,118,43,3.736690044
7,119,43,0
8,1,43,62.6719017
8,2,43,680.4110107
8,3,43,798.8629761
8,90,43,149385
8,91,43,2031230
8,110,43,36.61470032
8,112,43,32.87799835
8,115,43,0.116681002
8,118,43,3.736690044
8,119,43,0
9,1,43,28.83309937
9,2,43,79.29669952
9,3,43,37.2336998
9,90,43,9282.040039
9,91,43,126203
9,110,43,4.806250095
9,112,43,1.069560051
9,115,43,0.116681002
9,118,43,3.736690044
9,119,43,0
10,1,43,34.05189896
10,2,43,128.227005
10,3,43,250.2489929
10,90,43,40845.80078
10,91,43,554912
10,110,43,6.338049889
10,112,43,2.601360083
10,115,43,0.116681002
10,118,43,3.736690044
10,119,43,0
11,1,43,38.7215004
11,2,43,279.598999
11,3,43,413.946991
11,90,43,68238
11,91,43,927425
11,110,43,11.47789955
11,112,43,7.741240025
11,115,43,0.116681002
11,118,43,3.736690044
11,119,43,0
12,1,43,40.42139816
12,2,43,456.7049866
12,3,43,604.4210205
12,90,43,97440.5
12,91,43,1324060
12,110,43,22.19420052
12,112,43,18.45750046
12,115,43,0.116681002
12,118,43,3.736690044
12,119,43,0
13,1,43,45.71530151
13,2,43,602.6069946
13,3,43,744.585022
13,90,43,125392
13,91,43,1704010
13,110,43,27.23789978
13,112,43,23.50119972
13,115,43,0.116681002
13,118,43,3.736690044
13,119,43,0
14,1,43,52.5923996
14,2,43,797.2849731
14,3,43,1014.090027
14,90,43,172031
14,91,43,2337900
14,110,43,34.13750076
14,112,43,30.4008007
14,115,43,0.116681002
14,118,43,3.736690044
14,119,43,0
15,1,43,51.41490173
15,2,43,1031.170044
15,3,43,1330.390015
15,90,43,240844
15,91,43,3273060
15,110,43,42.74670029
15,112,43,39.00999832
15,115,43,0.116681002
15,118,43,3.736690044
15,119,43,0
16,1,43,66.10489655
16,2,43,1325.790039
16,3,43,1707.599976
16,90,43,309657
16,91,43,4208220
16,110,43,53.5306015
16,112,43,49.79389954
16,115,43,0.116681002
16,118,43,3.736690044
16,119,43,0
17,1,43,80.79499817
17,2,43,1620.410034
17,3,43,2087.070068
17,90,43,378469
17,91,43,5143370
17,110,43,61.00299835
17,112,43,57.2663002
17,115,43,0.116681002
17,118,43,3.736690044
17,119,43,0
18,1,43,34.1208992
18,2,43,142.4920044
18,3,43,190.9199982
18,90,43,37017.89844
18,91,43,503190
18,110,43,9.57833004
18,112,43,5.841639996
18,115,43,0.116681002
18,118,43,3.736690044
18,119,43,0
19,1,43,37.57369995
19,2,43,372.0029907
19,3,43,738.1060181
19,90,43,109857
19,91,43,1492700
19,110,43,20.67280006
19,112,43,16.93610001
19,115,43,0.116681002
19,118,43,3.736690044
19,119,43,0
20,1,43,40.59049988
20,2,43,551.9890137
20,3,43,1112.26001
20,90,43,171495
20,91,43,2330350
20,110,43,25.50320053
20,112,43,21.76650047
20,115,43,0.116681002
20,118,43,3.736690044
20,119,43,0
21,1,43,37.98860168
21,2,43,693.6829834
21,3,43,1484.869995
21,90,43,240093
21,91,43,3262490
21,110,43,30.4333992
21,112,43,26.69680023
21,115,43,0.116681002
21,118,43,3.736690044
21,119,43,0
22,1,43,48.84249878
22,2,43,891.8790283
22,3,43,1906.540039
22,90,43,308690
22,91,43,4194620
22,110,43,37.49169922
22,112,43,33.75510025
22,115,43,0.116681002
22,118,43,3.736690044
22,119,43,0
23,1,43,59.69639969
23,2,43,1090.069946
23,3,43,2330.219971
23,90,43,377288
23,91,43,5126750
23,110,43,41.62639999
23,112,43,37.88970184
23,115,43,0.116681002
23,118,43,3.736690044
23,119,43,0
1,1,51,11.05179977
1,2,51,36.91559982
1,3,51,82.31300354
1,90,51,16971.19922
1,91,51,230543
1,110,51,4.381450176
1,112,51,0.741044998
1,115,51,0.136968002
1,118,51,3.640409946
1,119,51,0
2,1,51,8.753020287
2,2,51,22.67560005
2,3,51,71.11569977
2,90,51,8536.599609
2,91,51,116007
2,110,51,4.482619762
2,112,51,0.842217028
2,115,51,0.136968002
2,118,51,3.640409946
2,119,51,0
3,1,51,15.76280022
3,2,51,65.34649658
3,3,51,69.19290161
3,90,51,11309.2998
3,91,51,153686
3,110,51,4.896430016
3,112,51,1.256029963
3,115,51,0.136968002
3,118,51,3.640409946
3,119,51,0
4,1,51,17.09410095
4,2,51,84.5121994
4,3,51,227.5919952
4,90,51,32157.90039
4,91,51,436928
4,110,51,6.249680042
4,112,51,2.609280109
4,115,51,0.136968002
4,118,51,3.640409946
4,119,51,0
5,1,51,26.03280067
5,2,51,210.0310059
5,3,51,370.4530029
5,90,51,59009.39844
5,91,51,802129
5,110,51,19.07019997
5,112,51,15.42980003
5,115,51,0.136968002
5,118,51,3.640409946
5,119,51,0
6,1,51,32.05670166
6,2,51,303.3869934
6,3,51,493.5069885
6,90,51,86254.70313
6,91,51,1172680
6,110,51,26.02470016
6,112,51,22.38430023
6,115,51,0.136968002
6,118,51,3.640409946
6,119,51,0
7,1,51,35.79919815
7,2,51,404.8670044
7,3,51,599.0250244
7,90,51,109416
7,91,51,1487790
7,110,51,37.24829865
7,112,51,33.60789871
7,115,51,0.136968002
7,118,51,3.640409946
7,119,51,0
8,1,51,40.59730148
8,2,51,552.5830078
8,3,51,835.4550171
8,90,51,149823
8,91,51,2037360
8,110,51,37.99319839
8,112,51,34.35279846
8,115,51,0.136968002
8,118,51,3.640409946
8,119,51,0
9,1,51,16.5007
9,2,51,72.26509857
9,3,51,52.50740051
9,90,51,9312.910156
9,91,51,126634
9,110,51,5.084420204
9,112,51,1.444010019
9,115,51,0.136968002
9,118,51,3.640409946
9,119,51,0
10,1,51,20.0442009
10,2,51,113.8929977
10,3,51,277.9140015
10,90,51,40893
10,91,51,555576
10,110,51,8.004059792
10,112,51,4.363649845
10,115,51,0.136968002
10,118,51,3.640409946
10,119,51,0
11,1,51,22.32909966
11,2,51,244.5590057
11,3,51,441.6820068
11,90,51,68378.10156
11,91,51,929388
11,110,51,16.23620033
11,112,51,12.5958004
11,115,51,0.136968002
11,118,51,3.640409946
11,119,51,0
12,1,51,23.94739914
12,2,51,313.7609863
12,3,51,633.5369873
12,90,51,97591.70313
12,91,51,1326180
12,110,51,29.04380035
12,112,51,25.40340042
12,115,51,0.136968002
12,118,51,3.640409946
12,119,51,0
13,1,51,26.10169983
13,2,51,408.7460022
13,3,51,783.8270264
13,90,51,125607
13,91,51,1707030
13,110,51,42.28530121
13,112,51,38.64490128
13,115,51,0.136968002
13,118,51,3.640409946
13,119,51,0
14,1,51,29.71689987
14,2,51,556.0369873
14,3,51,1086.52002
14,90,51,172329
14,91,51,2342070
14,110,51,57.8348999
14,112,51,54.19449997
14,115,51,0.136968002
14,118,51,3.640409946
14,119,51,0
15,1,51,32.44990158
15,2,51,719.6400146
15,3,51,1401.01001
15,90,51,241261
15,91,51,3278900
15,110,51,88.92340088
15,112,51,85.28299713
15,115,51,0.136968002
15,118,51,3.640409946
15,119,51,0
16,1,51,41.72129822
16,2,51,925.2509766
16,3,51,1753.670044
16,90,51,310192
16,91,51,4215730
16,110,51,139.5820007
16,112,51,135.9420013
16,115,51,0.136968002
16,118,51,3.640409946
16,119,51,0
17,1,51,50.99280167
17,2,51,1130.859985
17,3,51,2143.379883
17,90,51,379123
17,91,51,5152550
17,110,51,176.9499969
17,112,51,173.3099976
17,115,51,0.136968002
17,118,51,3.640409946
17,119,51,0
18,1,51,24.46430016
18,2,51,144.0890045
18,3,51,192.4700012
18,90,51,37109.10156
18,91,51,504467
18,110,51,9.014909744
18,112,51,5.374499798
18,115,51,0.136968002
18,118,51,3.640409946
18,119,51,0
19,1,51,25.52330017
19,2,51,282.6679993
19,3,51,801.3839722
19,90,51,110012
19,91,51,1494880
19,110,51,20.72830009
19,112,51,17.08790016
19,115,51,0.136968002
19,118,51,3.640409946
19,119,51,0
20,1,51,29.38330078
20,2,51,454.0299988
20,3,51,1161.380005
20,90,51,171753
20,91,51,2333970
20,110,51,31.34000015
20,112,51,27.69960022
20,115,51,0.136968002
20,118,51,3.640409946
20,119,51,0
21,1,51,38.27809906
21,2,51,519.6710205
21,3,51,1516.349976
21,90,51,240454
21,91,51,3267560
21,110,51,46.2317009
21,112,51,42.59130096
21,115,51,0.136968002
21,118,51,3.640409946
21,119,51,0
22,1,51,49.21480179
22,2,51,668.1489868
22,3,51,1907.280029
22,90,51,309154
22,91,51,4201130
22,110,51,70.24839783
22,112,51,66.60800171
22,115,51,0.136968002
22,118,51,3.640409946
22,119,51,0
23,1,51,60.15140152
23,2,51,816.6259766
23,3,51,2331.120117
23,90,51,377855
23,91,51,5134710
23,110,51,87.19719696
23,112,51,83.55680084
23,115,51,0.136968002
23,118,51,3.640409946
23,119,51,0
1,1,52,17.26329994
1,2,52,60.229599
1,3,52,61.56949997
1,90,52,14766.7002
1,91,52,201537
1,110,52,3.374720097
1,112,52,0.682875991
1,115,52,0.0837394
1,118,52,2.691839933
1,119,52,0
2,1,52,10.2979002
2,2,52,29.20339966
2,3,52,46.4029007
2,90,52,8260.879883
2,91,52,112998
2,110,52,3.589489937
2,112,52,0.897650003
2,115,52,0.0837394
2,118,52,2.691839933
2,119,52,0
3,1,52,21.0909996
3,2,52,86.73729706
3,3,52,45.56689835
3,90,52,10951.2002
3,91,52,149800
3,110,52,3.938050032
3,112,52,1.246209979
3,115,52,0.0837394
3,118,52,2.691839933
3,119,52,0
4,1,52,24.50830078
4,2,52,171.8320007
4,3,52,165.6230011
4,90,52,29620.59961
4,91,52,404761
4,110,52,4.54200983
4,112,52,1.850160003
4,115,52,0.0837394
4,118,52,2.691839933
4,119,52,0
5,1,52,53.79230118
5,2,52,673.0679932
5,3,52,300.1619873
5,90,52,61518
5,91,52,842683
5,110,52,11.73289967
5,112,52,9.041110039
5,115,52,0.0837394
5,118,52,2.691839933
5,119,52,0
6,1,52,77.07350159
6,2,52,1078.800049
6,3,52,420.571991
6,90,52,93852.89844
6,91,52,1286600
6,110,52,17.50399971
6,112,52,14.81210041
6,115,52,0.0837394
6,118,52,2.691839933
6,119,52,0
7,1,52,99.56269836
7,2,52,1492.819946
7,3,52,520.8770142
7,90,52,123285
7,91,52,1691110
7,110,52,25.04540062
7,112,52,22.35350037
7,115,52,0.0837394
7,118,52,2.691839933
7,119,52,0
8,1,52,128.677002
8,2,52,2101.360107
8,3,52,723.210022
8,90,52,171116
8,91,52,2347740
8,110,52,27.30240059
8,112,52,24.61050034
8,115,52,0.0837394
8,118,52,2.691839933
8,119,52,0
9,1,52,23.45149994
9,2,52,115.0370026
9,3,52,36.06539917
9,90,52,10520.5
9,91,52,144317
9,110,52,3.591639996
9,112,52,0.899793983
9,115,52,0.0837394
9,118,52,2.691839933
9,119,52,0
10,1,52,27.87969971
10,2,52,200.2100067
10,3,52,201.6159973
10,90,52,36969.19922
10,91,52,504978
10,110,52,5.009699821
10,112,52,2.317859888
10,115,52,0.0837394
10,118,52,2.691839933
10,119,52,0
11,1,52,41.72119904
11,2,52,855.3049927
11,3,52,345.1260071
11,90,52,69502.29688
11,91,52,951602
11,110,52,9.554169655
11,112,52,6.86232996
11,115,52,0.0837394
11,118,52,2.691839933
11,119,52,0
12,1,52,45.12609863
12,2,52,1195.560059
12,3,52,488.8399963
12,90,52,93860.5
12,91,52,1283720
12,110,52,17.97929955
12,112,52,15.28740025
12,115,52,0.0837394
12,118,52,2.691839933
12,119,52,0
13,1,52,56.2016983
13,2,52,1648.920044
13,3,52,610.3540039
13,90,52,123578
13,91,52,1690920
13,110,52,23.22470093
13,112,52,20.53289986
13,115,52,0.0837394
13,118,52,2.691839933
13,119,52,0
14,1,52,72.395401
14,2,52,2318.820068
14,3,52,840.3759766
14,90,52,171142
14,91,52,2342180
14,110,52,30.14259911
14,112,52,27.45070076
14,115,52,0.0837394
14,118,52,2.691839933
14,119,52,0
15,1,52,88.5039978
15,2,52,3191.409912
15,3,52,1111.75
15,90,52,239599
15,91,52,3279050
15,110,52,42.14170074
15,112,52,39.44990158
15,115,52,0.0837394
15,118,52,2.691839933
15,119,52,0
16,1,52,113.7910004
16,2,52,4103.240234
16,3,52,1418.810059
16,90,52,308056
16,91,52,4215920
16,110,52,59.88349915
16,112,52,57.19169998
16,115,52,0.0837394
16,118,52,2.691839933
16,119,52,0
17,1,52,139.0780029
17,2,52,5015.080078
17,3,52,1734.099976
17,90,52,376512
17,91,52,5152790
17,110,52,75.46060181
17,112,52,72.76879883
17,115,52,0.0837394
17,118,52,2.691839933
17,119,52,0
18,1,52,26.95280075
18,2,52,282.8680115
18,3,52,172.4579926
18,90,52,39325.10156
18,91,52,538843
18,110,52,7.037499905
18,112,52,4.345650196
18,115,52,0.0837394
18,118,52,2.691839933
18,119,52,0
19,1,52,36.52980042
19,2,52,1011.460022
19,3,52,604.8460083
19,90,52,104201
19,91,52,1424710
19,110,52,15.55109978
19,112,52,12.85929966
19,115,52,0.0837394
19,118,52,2.691839933
19,119,52,0
20,1,52,47.17269897
20,2,52,1649.640015
20,3,52,913.0269775
20,90,52,165307
20,91,52,2260920
20,110,52,20.52230072
20,112,52,17.83040047
20,115,52,0.0837394
20,118,52,2.691839933
20,119,52,0
21,1,52,56.36589813
21,2,52,2243.370117
21,3,52,1223.76001
21,90,52,231430
21,91,52,3165290
21,110,52,26.70190048
21,112,52,24.01000023
21,115,52,0.0837394
21,118,52,2.691839933
21,119,52,0
22,1,52,72.47039795
22,2,52,2884.340088
22,3,52,1564.01001
22,90,52,297552
22,91,52,4069650
22,110,52,36.56380081
22,112,52,33.87200165
22,115,52,0.0837394
22,118,52,2.691839933
22,119,52,0
23,1,52,88.57499695
23,2,52,3525.300049
23,3,52,1911.569946
23,90,52,363674
23,91,52,4974010
23,110,52,42.1291008
23,112,52,39.43730164
23,115,52,0.0837394
23,118,52,2.691839933
23,119,52,0
1,1,53,19.30179977
1,2,53,57.6692009
1,3,53,67.21489716
1,90,53,15771.2002
1,91,53,214740
1,110,53,3.694999933
1,112,53,0.769406021
1,115,53,0.097277902
1,118,53,2.925590038
1,119,53,0
2,1,53,11.37950039
2,2,53,28.8560009
2,3,53,53.17039871
2,90,53,8373.589844
2,91,53,114182
2,110,53,3.940330029
2,112,53,1.014729977
2,115,53,0.097277902
2,118,53,2.925590038
2,119,53,0
3,1,53,23.55760002
3,2,53,84.62419891
3,3,53,50.52740097
3,90,53,11097.40039
3,91,53,151326
3,110,53,4.222720146
3,112,53,1.297119975
3,115,53,0.097277902
3,118,53,2.925590038
3,119,53,0
4,1,53,26.33589935
4,2,53,158.8699951
4,3,53,180.0149994
4,90,53,30752.40039
4,91,53,419053
4,110,53,4.912580013
4,112,53,1.986989975
4,115,53,0.097277902
4,118,53,2.925590038
4,119,53,0
5,1,53,54.96989822
5,2,53,598.1719971
5,3,53,326.4979858
5,90,53,60226.5
5,91,53,822092
5,110,53,12.42580032
5,112,53,9.500160217
5,115,53,0.097277902
5,118,53,2.925590038
5,119,53,0
6,1,53,76.28790283
6,2,53,945.2059937
6,3,53,457.7810059
6,90,53,90118.20313
6,91,53,1230840
6,110,53,18.29840088
6,112,53,15.37279987
6,115,53,0.097277902
6,118,53,2.925590038
6,119,53,0
7,1,53,97.10590363
7,2,53,1302.900024
7,3,53,566.4180298
7,90,53,116560
7,91,53,1592740
7,110,53,25.82780075
7,112,53,22.9022007
7,115,53,0.097277902
7,118,53,2.925590038
7,119,53,0
8,1,53,121.7060013
8,2,53,1822.449951
8,3,53,783.6090088
8,90,53,160831
8,91,53,2198090
8,110,53,28.23349953
8,112,53,25.30789948
8,115,53,0.097277902
8,118,53,2.925590038
8,119,53,0
9,1,53,25.98410034
9,2,53,111.737999
9,3,53,39.37049866
9,90,53,9933.599609
9,91,53,135742
9,110,53,3.815680027
9,112,53,0.890084982
9,115,53,0.097277902
9,118,53,2.925590038
9,119,53,0
10,1,53,31.09799957
10,2,53,192.0899963
10,3,53,217.5050049
10,90,53,38736.80078
10,91,53,527718
10,110,53,5.304120064
10,112,53,2.378520012
10,115,53,0.097277902
10,118,53,2.925590038
10,119,53,0
11,1,53,43.07009888
11,2,53,754.4000244
11,3,53,371.9320068
11,90,53,68844.10156
11,91,53,939396
11,110,53,10.03909969
11,112,53,7.113490105
11,115,53,0.097277902
11,118,53,2.925590038
11,119,53,0
12,1,53,46.29539871
12,2,53,1032.5
12,3,53,533.0380249
12,90,53,95431.70313
12,91,53,1301200
12,110,53,18.93829918
12,112,53,16.01280022
12,115,53,0.097277902
12,118,53,2.925590038
12,119,53,0
13,1,53,56.57580185
13,2,53,1416.939941
13,3,53,666.6859741
13,90,53,124297
13,91,53,1695300
13,110,53,24.09269905
13,112,53,21.16710091
13,115,53,0.097277902
13,118,53,2.925590038
13,119,53,0
14,1,53,71.33239746
14,2,53,1980.290039
14,3,53,912.4530029
14,90,53,171381
14,91,53,2337800
14,110,53,31.41139984
14,112,53,28.48579979
14,115,53,0.097277902
14,118,53,2.925590038
14,119,53,0
15,1,53,83.63829803
15,2,53,2706.419922
15,3,53,1210.27002
15,90,53,239934
15,91,53,3272920
15,110,53,43.55160141
15,112,53,40.62599945
15,115,53,0.097277902
15,118,53,2.925590038
15,119,53,0
16,1,53,107.5350037
16,2,53,3479.679932
16,3,53,1541.859985
16,90,53,308486
16,91,53,4208030
16,110,53,62.10409927
16,112,53,59.17850113
16,115,53,0.097277902
16,118,53,2.925590038
16,119,53,0
17,1,53,131.4320068
17,2,53,4252.939941
17,3,53,1884.5
17,90,53,377039
17,91,53,5143150
17,110,53,78.41010284
17,112,53,75.48449707
17,115,53,0.097277902
17,118,53,2.925590038
17,119,53,0
18,1,53,30.19510078
18,2,53,261.2340088
18,3,53,187.1759949
18,90,53,38212
18,91,53,521711
18,110,53,7.484360218
18,112,53,4.55877018
18,115,53,0.097277902
18,118,53,2.925590038
18,119,53,0
19,1,53,38.62179947
19,2,53,879.0170288
19,3,53,651.8220215
19,90,53,106727
19,91,53,1454900
19,110,53,16.26029968
19,112,53,13.33469963
19,115,53,0.097277902
19,118,53,2.925590038
19,119,53,0
20,1,53,47.74280167
20,2,53,1421.099976
20,3,53,1001.099976
20,90,53,168018
20,91,53,2290920
20,110,53,21.53949928
20,112,53,18.61389923
20,115,53,0.097277902
20,118,53,2.925590038
20,119,53,0
21,1,53,54.1291008
21,2,53,1916.579956
21,3,53,1345.819946
21,90,53,235225
21,91,53,3207290
21,110,53,28.00239944
21,112,53,25.07679939
21,115,53,0.097277902
21,118,53,2.925590038
21,119,53,0
22,1,53,69.59449768
22,2,53,2464.179932
22,3,53,1717.72998
22,90,53,302431
22,91,53,4123650
22,110,53,38.25699997
22,112,53,35.33140182
22,115,53,0.097277902
22,118,53,2.925590038
22,119,53,0
23,1,53,85.05999756
23,2,53,3011.77002
23,3,53,2099.449951
23,90,53,369638
23,91,53,5040020
23,110,53,44.1167984
23,112,53,41.19120026
23,115,53,0.097277902
23,118,53,2.925590038
23,119,53,0
1,1,54,16.26490021
1,2,54,80.91139984
1,3,54,35.30220032
1,90,54,12603.5
1,91,54,173090
1,110,54,1.539620042
1,112,54,0.34810099
1,115,54,0.047240499
1,118,54,1.191519976
1,119,54,0
2,1,54,8.849599838
2,2,54,33.71989822
2,3,54,21.29369926
2,90,54,8003.810059
2,91,54,110239
2,110,54,1.661470056
2,112,54,0.469953001
2,115,54,0.047240499
2,118,54,1.191519976
2,119,54,0
3,1,54,18.7866993
3,2,54,106.802002
3,3,54,25.29910088
3,90,54,10616.2998
3,91,54,146225
3,110,54,1.690739989
3,112,54,0.499220997
3,115,54,0.047240499
3,118,54,1.191519976
3,119,54,0
4,1,54,25.78750038
4,2,54,262.1180115
4,3,54,91.28530121
4,90,54,27148.30078
4,91,54,373469
4,110,54,1.934100032
4,112,54,0.74257803
4,115,54,0.047240499
4,118,54,1.191519976
4,119,54,0
5,1,54,72.80609894
5,2,54,1124.930054
5,3,54,204.2599945
5,90,54,64114.10156
5,91,54,884408
5,110,54,4.417759895
5,112,54,3.226249933
5,115,54,0.047240499
5,118,54,1.191519976
5,119,54,0
6,1,54,114.9380035
6,2,54,1854.859985
6,3,54,309.2200012
6,90,54,101563
6,91,54,1402020
6,110,54,6.5447402
6,112,54,5.353219986
6,115,54,0.047240499
6,118,54,1.191519976
6,119,54,0
7,1,54,156.4909973
7,2,54,2587.889893
7,3,54,402.1889954
7,90,54,137281
7,91,54,1896110
7,110,54,9.136529922
7,112,54,7.945010185
7,115,54,0.047240499
7,118,54,1.191519976
7,119,54,0
8,1,54,216.8509979
8,2,54,3681.449951
8,3,54,560.9359741
8,90,54,192567
8,91,54,2660230
8,110,54,10.56229973
8,112,54,9.370809555
8,115,54,0.047240499
8,118,54,1.191519976
8,119,54,0
9,1,54,21.71680069
9,2,54,150.3730011
9,3,54,25.39559937
9,90,54,11742.09961
9,91,54,162185
9,110,54,1.482509971
9,112,54,0.290995002
9,115,54,0.047240499
9,118,54,1.191519976
9,119,54,0
10,1,54,25.45350075
10,2,54,276.9429932
10,3,54,111.7699966
10,90,54,33126.19922
10,91,54,455471
10,110,54,1.955649972
10,112,54,0.764128029
10,115,54,0.047240499
10,118,54,1.191519976
10,119,54,0
11,1,54,52.02799988
11,2,54,1489.280029
11,3,54,216.3190002
11,90,54,70732.70313
11,91,54,975241
11,110,54,3.517580032
11,112,54,2.326060057
11,115,54,0.047240499
11,118,54,1.191519976
11,119,54,0
12,1,54,56.19689941
12,2,54,2089.159912
12,3,54,284.0310059
12,90,54,90290
12,91,54,1243430
12,110,54,6.728040218
12,112,54,5.536520004
12,115,54,0.047240499
12,118,54,1.191519976
12,119,54,0
13,1,54,75.12030029
13,2,54,2912.310059
13,3,54,369.6679993
13,90,54,121744
13,91,54,1677440
13,110,54,8.143309593
13,112,54,6.951789856
13,115,54,0.047240499
13,118,54,1.191519976
13,119,54,0
14,1,54,103.2600021
14,2,54,4138.399902
14,3,54,511.6459961
14,90,54,170204
14,91,54,2345620
14,110,54,10.30700016
14,112,54,9.11550045
14,115,54,0.047240499
14,118,54,1.191519976
14,119,54,0
15,1,54,138.0579987
15,2,54,5767.660156
15,3,54,679.9470215
15,90,54,238286
15,91,54,3283870
15,110,54,14.76200008
15,112,54,13.57040024
15,115,54,0.047240499
15,118,54,1.191519976
15,119,54,0
16,1,54,177.503006
16,2,54,7415.560059
16,3,54,873.3510132
16,90,54,306367
16,91,54,4222110
16,110,54,20.40110016
16,112,54,19.20960045
16,115,54,0.047240499
16,118,54,1.191519976
16,119,54,0
17,1,54,216.947998
17,2,54,9063.459961
17,3,54,1067.430054
17,90,54,374449
17,91,54,5160360
17,110,54,29.97069931
17,112,54,28.7791996
17,115,54,0.047240499
17,118,54,1.191519976
17,119,54,0
18,1,54,21.03860092
18,2,54,427.5069885
18,3,54,142.2380066
18,90,54,41595.89844
18,91,54,573953
18,110,54,3.034569979
18,112,54,1.843050003
18,115,54,0.047240499
18,118,54,1.191519976
18,119,54,0
19,1,54,38.82139969
19,2,54,1743.47998
19,3,54,349.7369995
19,90,54,98571.70313
19,91,54,1356980
19,110,54,6.326980114
19,112,54,5.1354599
19,115,54,0.047240499
19,118,54,1.191519976
19,119,54,0
20,1,54,57.88550186
20,2,54,2881.719971
20,3,54,557.6810303
20,90,54,159128
20,91,54,2191470
20,110,54,7.799789906
20,112,54,6.608270168
20,115,54,0.047240499
20,118,54,1.191519976
20,119,54,0
21,1,54,75.47309875
21,2,54,4008.879883
21,3,54,753.6329956
21,90,54,222779
21,91,54,3068050
21,110,54,9.68173027
21,112,54,8.490209579
21,115,54,0.047240499
21,118,54,1.191519976
21,119,54,0
22,1,54,97.03690338
22,2,54,5154.279785
22,3,54,968.1879883
22,90,54,286430
22,91,54,3944630
22,110,54,13.17570019
22,112,54,11.98419952
22,115,54,0.047240499
22,118,54,1.191519976
22,119,54,0
23,1,54,118.6009979
23,2,54,6299.669922
23,3,54,1183.339966
23,90,54,350081
23,91,54,4821220
23,110,54,13.21479988
23,112,54,12.02330017
23,115,54,0.047240499
23,118,54,1.191519976
23,119,54,0
1,1,61,12.92759991
1,2,61,42.53609848
1,3,61,103.1559982
1,90,61,17261.59961
1,91,61,234340
1,110,61,5.645450115
1,112,61,0.927210987
1,115,61,0.134276003
1,118,61,4.718239784
1,119,61,0
2,1,61,10.86180019
2,2,61,25.75349998
2,3,61,93.96900177
2,90,61,8550.700195
2,91,61,116084
2,110,61,5.787499905
2,112,61,1.069249988
2,115,61,0.134276003
2,118,61,4.718239784
2,119,61,0
3,1,61,17.75040054
3,2,61,76.70459747
3,3,61,89.97869873
3,90,61,11332.5
3,91,61,153849
3,110,61,6.56167984
3,112,61,1.843430042
3,115,61,0.134276003
3,118,61,4.718239784
3,119,61,0
4,1,61,18.57649994
4,2,61,81.90470123
4,3,61,308.6499939
4,90,61,32481.30078
4,91,61,440962
4,110,61,8.193730354
4,112,61,3.47548008
4,115,61,0.134276003
4,118,61,4.718239784
4,119,61,0
5,1,61,24.75979996
5,2,61,159.1710052
5,3,61,491.9119873
5,90,61,58523.60156
5,91,61,794516
5,110,61,26.22120094
5,112,61,21.50289917
5,115,61,0.134276003
5,118,61,4.718239784
5,119,61,0
6,1,61,27.33740044
6,2,61,202.8150024
6,3,61,645.4489746
6,90,61,84948.70313
6,91,61,1153270
6,110,61,37.53300095
6,112,61,32.81480026
6,115,61,0.134276003
6,118,61,4.718239784
6,119,61,0
7,1,61,27.72820091
7,2,61,259.7739868
7,3,61,777.1170044
7,90,61,107111
7,91,61,1454140
7,110,61,52.4640007
7,112,61,47.74580002
7,115,61,0.134276003
7,118,61,4.718239784
7,119,61,0
8,1,61,25.96870041
8,2,61,338.1340027
8,3,61,1094.170044
8,90,61,146348
8,91,61,1986830
8,110,61,53.45640182
8,112,61,48.73809814
8,115,61,0.134276003
8,118,61,4.718239784
8,119,61,0
9,1,61,19.05990028
9,2,61,81.76229858
9,3,61,66.67910004
9,90,61,9099.200195
9,91,61,123531
9,110,61,6.937540054
9,112,61,2.219300032
9,115,61,0.134276003
9,118,61,4.718239784
9,119,61,0
10,1,61,22.61160088
10,2,61,116.5550003
10,3,61,384.7120056
10,90,61,41426.60156
10,91,61,562402
10,110,61,10.83699989
10,112,61,6.118720055
10,115,61,0.134276003
10,118,61,4.718239784
10,119,61,0
11,1,61,22.99040031
11,2,61,139.1340027
11,3,61,613.7529907
11,90,61,68094.60156
11,91,61,924450
11,110,61,22.6243
11,112,61,17.90600014
11,115,61,0.134276003
11,118,61,4.718239784
11,119,61,0
12,1,61,24.88660049
12,2,61,192.1459961
12,3,61,892.6619873
12,90,61,98043.10156
12,91,61,1331030
12,110,61,40.95209885
12,112,61,36.23389816
12,115,61,0.134276003
12,118,61,4.718239784
12,119,61,0
13,1,61,25.7942009
13,2,61,231.5279999
13,3,61,1087.339966
13,90,61,125767
13,91,61,1707410
13,110,61,58.21459961
13,112,61,53.49639893
13,115,61,0.134276003
13,118,61,4.718239784
13,119,61,0
14,1,61,27.67560005
14,2,61,306.0669861
14,3,61,1514.339966
14,90,61,172356
14,91,61,2339900
14,110,61,80.69809723
14,112,61,75.97979736
14,115,61,0.134276003
14,118,61,4.718239784
14,119,61,0
15,1,61,27.24160004
15,2,61,351.1910095
15,3,61,2015.01001
15,90,61,241299
15,91,61,3275870
15,110,61,126.0510025
15,112,61,121.3330002
15,115,61,0.134276003
15,118,61,4.718239784
15,119,61,0
16,1,61,35.02489853
16,2,61,451.5320129
16,3,61,2543.050049
16,90,61,310242
16,91,61,4211820
16,110,61,201.0420074
16,112,61,196.3240051
16,115,61,0.134276003
16,118,61,4.718239784
16,119,61,0
17,1,61,42.80830002
17,2,61,551.8720093
17,3,61,3108.169922
17,90,61,379184
17,91,61,5147780
17,110,61,255.8399963
17,112,61,251.121994
17,115,61,0.134276003
17,118,61,4.718239784
17,119,61,0
18,1,61,30.32559967
18,2,61,140.0780029
18,3,61,235.572998
18,90,61,36697.10156
18,91,61,498200
18,110,61,13.1079998
18,112,61,8.389710426
18,115,61,0.134276003
18,118,61,4.718239784
18,119,61,0
19,1,61,30.31080055
19,2,61,186.7339935
19,3,61,1140.959961
19,90,61,110786
19,91,61,1504020
19,110,61,29.8640995
19,112,61,25.14590073
19,115,61,0.134276003
19,118,61,4.718239784
19,119,61,0
20,1,61,33.90380096
20,2,61,306.302002
20,3,61,1620.98999
20,90,61,172584
20,91,61,2342990
20,110,61,45.96559906
20,112,61,41.24729919
20,115,61,0.134276003
20,118,61,4.718239784
20,119,61,0
21,1,61,45.51459885
21,2,61,265.2579956
21,3,61,2165.209961
21,90,61,241618
21,91,61,3280190
21,110,61,68.86190033
21,112,61,64.14369965
21,115,61,0.134276003
21,118,61,4.718239784
21,119,61,0
22,1,61,58.51900101
22,2,61,341.04599
22,3,61,2741.47998
22,90,61,310651
22,91,61,4217370
22,110,61,106.1460037
22,112,61,101.4280014
22,115,61,0.134276003
22,118,61,4.718239784
22,119,61,0
23,1,61,71.52320099
23,2,61,416.8330078
23,3,61,3350.699951
23,90,61,379685
23,91,61,5154570
23,110,61,132.9810028
23,112,61,128.2630005
23,115,61,0.134276003
23,118,61,4.718239784
23,119,61,0
1,1,62,8.840959549
1,2,62,26.93149948
1,3,62,80.84259796
1,90,62,17380.90039
1,91,62,235958
1,110,62,4.204669952
1,112,62,0.75444299
1,115,62,0.145968005
1,118,62,3.450229883
1,119,62,0
2,1,62,7.736179829
2,2,62,21.0007
2,3,62,67.52610016
2,90,62,8610.639648
2,91,62,116895
2,110,62,4.286220074
2,112,62,0.835994005
2,115,62,0.145968005
2,118,62,3.450229883
2,119,62,0
3,1,62,14.24559975
3,2,62,54.03409958
3,3,62,64.12670135
3,90,62,11402.5
3,91,62,154797
3,110,62,4.369900227
3,112,62,0.919669986
3,115,62,0.145968005
3,118,62,3.450229883
3,119,62,0
4,1,62,15.04119968
4,2,62,59.07139969
4,3,62,203.3619995
4,90,62,32653.09961
4,91,62,443288
4,110,62,5.878620148
4,112,62,2.428390026
4,115,62,0.145968005
4,118,62,3.450229883
4,119,62,0
5,1,62,18.63069916
5,2,62,104.0289993
5,3,62,328.2489929
5,90,62,58745.60156
5,91,62,797511
5,110,62,17.76110077
5,112,62,14.31089973
5,115,62,0.145968005
5,118,62,3.450229883
5,119,62,0
6,1,62,20.58180046
6,2,62,131.6799927
6,3,62,436.4909973
6,90,62,85227.5
6,91,62,1157020
6,110,62,22.46649933
6,112,62,19.0163002
6,115,62,0.145968005
6,118,62,3.450229883
6,119,62,0
7,1,62,19.27050018
7,2,62,164.154007
7,3,62,528.1599731
7,90,62,107427
7,91,62,1458400
7,110,62,32.13880157
7,112,62,28.68860054
7,115,62,0.145968005
7,118,62,3.450229883
7,119,62,0
8,1,62,19.0352993
8,2,62,212.6909943
8,3,62,731.6530151
8,90,62,146704
8,91,62,1991610
8,110,62,32.26520157
8,112,62,28.81489944
8,115,62,0.145968005
8,118,62,3.450229883
8,119,62,0
9,1,62,14.2869997
9,2,62,54.78509903
9,3,62,47.38619995
9,90,62,9148.19043
9,91,62,124193
9,110,62,4.621910095
9,112,62,1.171689987
9,115,62,0.145968005
9,118,62,3.450229883
9,119,62,0
10,1,62,17.5916996
10,2,62,88.59359741
10,3,62,239.9669952
10,90,62,41625.80078
10,91,62,565098
10,110,62,7.556049824
10,112,62,4.105820179
10,115,62,0.145968005
10,118,62,3.450229883
10,119,62,0
11,1,62,17.48999977
11,2,62,104.9789963
11,3,62,373.2869873
11,90,62,68357.10156
11,91,62,927994
11,110,62,15.18939972
11,112,62,11.73919964
11,115,62,0.145968005
11,118,62,3.450229883
11,119,62,0
12,1,62,18.31209946
12,2,62,134.5970001
12,3,62,524.2210083
12,90,62,98401.5
12,91,62,1335870
12,110,62,26.52070045
12,112,62,23.07049942
12,115,62,0.145968005
12,118,62,3.450229883
12,119,62,0
13,1,62,18.26259995
13,2,62,157.0449982
13,3,62,661.6069946
13,90,62,126198
13,91,62,1713220
13,110,62,39.57310104
13,112,62,36.12279892
13,115,62,0.145968005
13,118,62,3.450229883
13,119,62,0
14,1,62,18.79640007
14,2,62,192.1629944
14,3,62,916.2819824
14,90,62,172845
14,91,62,2346490
14,110,62,52.91579819
14,112,62,49.46549988
14,115,62,0.145968005
14,118,62,3.450229883
14,119,62,0
15,1,62,19.02050018
15,2,62,215.4750061
15,3,62,1113.469971
15,90,62,241984
15,91,62,3285100
15,110,62,79.02179718
15,112,62,75.57160187
15,115,62,0.145968005
15,118,62,3.450229883
15,119,62,0
16,1,62,24.45490074
16,2,62,277.0390015
16,3,62,1359.410034
16,90,62,311122
16,91,62,4223690
16,110,62,120.0690002
16,112,62,116.6190033
16,115,62,0.145968005
16,118,62,3.450229883
16,119,62,0
17,1,62,29.88940048
17,2,62,338.6040039
17,3,62,1661.5
17,90,62,380260
17,91,62,5162290
17,110,62,148.9320068
17,112,62,145.4819946
17,115,62,0.145968005
17,118,62,3.450229883
17,119,62,0
18,1,62,22.16309929
18,2,62,104.3499985
18,3,62,182.852005
18,90,62,36845.60156
18,91,62,500204
18,110,62,7.925859928
18,112,62,4.475629807
18,115,62,0.145968005
18,118,62,3.450229883
18,119,62,0
19,1,62,21.18980026
19,2,62,133.5570068
19,3,62,664.2659912
19,90,62,111173
19,91,62,1509240
19,110,62,18.20369911
19,112,62,14.75349998
19,115,62,0.145968005
19,118,62,3.450229883
19,119,62,0
20,1,62,23.23819923
20,2,62,198.6369934
20,3,62,983.427002
20,90,62,173122
20,91,62,2350250
20,110,62,27.1875
20,112,62,23.73719978
20,115,62,0.145968005
20,118,62,3.450229883
20,119,62,0
21,1,62,30.79050064
21,2,62,167.5420074
21,3,62,1224.530029
21,90,62,242371
21,91,62,3290360
21,110,62,39.33840179
21,112,62,35.88809967
21,115,62,0.145968005
21,118,62,3.450229883
21,119,62,0
22,1,62,39.58789825
22,2,62,215.4109955
22,3,62,1510.26001
22,90,62,311619
22,91,62,4230440
22,110,62,58.25830078
22,112,62,54.80810165
22,115,62,0.145968005
22,118,62,3.450229883
22,119,62,0
23,1,62,48.3852005
23,2,62,263.2799988
23,3,62,1845.880005
23,90,62,380868
23,91,62,5170540
23,110,62,71.44999695
23,112,62,67.99980164
23,115,62,0.145968005
23,118,62,3.450229883
23,119,62,0
